{"cameraMode":{"drawMode":0,"name":"Shaded","section":"Shading Mode"},"sceneLighting":false,"audioPlay":false,"sceneViewState":{"m_AlwaysRefresh":false,"showFog":false,"showSkybox":false,"showFlares":false,"showImageEffects":false,"showParticleSystems":false,"showVisualEffectGraphs":true,"m_FxEnabled":true},"in2DMode":false,"pivot":{"x":-0.012045037001371384,"y":0.7883527278900147,"z":-0.05531676858663559},"rotation":{"x":0.053325675427913669,"y":-0.04192783683538437,"z":0.0022409677039831878,"w":0.997694194316864},"size":1.1452959775924683,"orthographic":true}